{
  "name": "tinycarousel",
  "title": "Tiny Carousel",
  "version": "2.1.8",
  "description": "A lightweight responsive infinite carousel.",
  "homepage": "http://www.baijs.com/tinycarousel",
  "repository": {
    "type": "git",
    "url": "https://github.com/wieringen/tinycarousel.git"
  },
  "keywords": [
    "UI",
    "jQuery",
    "Mobile",
    "carousel",
    "javascript"
  ],
  "author": {
    "name": "Maarten Baijs",
    "email": "wieringen@gmail.com"
  },
  "licenses": [
    {
      "type": "MIT",
      "url": "https://github.com/wieringen/tinycarousel/blob/master/MIT-LICENSE.txt"
    }
  ],
  "bugs": "https://github.com/wieringen/tinycarousel/issues",
  "download": "http://baijs.com/tinycarousel/",
  "demo" : "http://baijs.com/tinycarousel/",
  "docs" : "http://baijs.com/tinycarousel/",
  "dependencies": {
    "jquery": ">=1.5"
  }
}
